<?xml version="1.0"?>
<!--<!DOCTYPE metadata SYSTEM "http://www.esri.com/metadata/esriprof80.dtd">-->
<metadata xml:lang="en"><Esri><MetaID>{C9C3BE6F-CF82-48E9-B320-7FAF16F4C388}</MetaID><CreaDate>20081028</CreaDate><CreaTime>17385600</CreaTime><SyncOnce>TRUE</SyncOnce><DataProperties><lineage><Process Name="DefineProjection_13" ToolSource="C:\Program Files\ArcGIS\ArcToolbox\Toolboxes\Data Management Tools.tbx\DefineProjection" Date="20081028" Time="173856">DefineProjection "C:\Active\Election 2008\Conus maps\Reproj_Simplified_Cleaned_Merged\dtl_st_lower48_albers-lines-ms.shp" PROJCS['USA_Contiguous_Albers_Equal_Area_Conic',GEOGCS['GCS_North_American_1983',DATUM['D_North_American_1983',SPHEROID['GRS_1980',6378137.0,298.257222101]],PRIMEM['Greenwich',0.0],UNIT['Degree',0.0174532925199433]],PROJECTION['Albers'],PARAMETER['False_Easting',0.0],PARAMETER['False_Northing',0.0],PARAMETER['Central_Meridian',-96.0],PARAMETER['Standard_Parallel_1',29.5],PARAMETER['Standard_Parallel_2',45.5],PARAMETER['Latitude_Of_Origin',37.5],UNIT['Meter',1.0]] "C:\Active\Election 2008\Conus maps\Reproj_Simplified_Cleaned_Merged\dtl_st_lower48_albers-lines-ms.shp"</Process></lineage></DataProperties></Esri></metadata>
